objectid,ward,st_area(shape),st_perimeter(shape),population_2011
1,169,3767853.2420655666,11488.994456727227,44214
2,004,2080903.004885259,6631.3819728349235,21184
110,062,833486.8266025279,3679.1772373629997,36871
111,063,963859.3806026942,6679.495555921726,35478
3,178,2702199.805034666,9227.910990274322,39952
4,015,8704598.135679381,15897.118136045889,12119
5,016,10025090.833130874,15861.654614170262,8974
6,172,8376088.209682553,13512.780169617668,48061
7,177,2780309.0420508147,8637.193538903583,43792
8,018,8073370.104110489,14248.643338589929,13621
9,176,1786223.75378006,7506.647192807113,44360
10,175,1436557.8125019742,6602.767753798454,48959
11,180,1820715.333407873,5919.091058779292,41210
12,198,6300400.037681095,12418.276000093982,20675
13,192,2553064.307006546,6485.46248167984,23187
14,185,945483.2508114831,5155.306103076273,25301
15,189,10198223.00999183,18008.74757169058,18551
16,190,3064474.0682148123,12740.854691613556,19027
17,066,1035112.4193994598,5925.456442827606,35551
18,171,3349903.75917531,8113.012771138037,37737
19,183,1540296.3459564308,5114.227650540436,21902
20,173,2735955.8442495274,9184.634635325194,40631
21,182,3279671.7812239514,12178.737334844363,21451
22,126,1040025.3134649098,5664.125941455161,43585
23,125,1238767.2341241958,5580.720901997869,42047
24,115,851967.7988807013,5127.448111535998,43927
25,116,679910.4072656677,3454.8237916859757,40519
26,114,1759302.7598935752,7188.158716080999,40795
27,124,1024965.8501932751,6182.252365897049,43622
28,179,1872656.0859582655,6230.754319631043,37765
29,123,2240045.3234278243,8749.582483227077,46542
30,200,7517039.191168026,11062.35594570129,26106
31,112,1060394.834819509,6710.95532590754,40803
32,122,1815592.9335305807,7415.731651950546,39330
33,121,924527.6226687612,6129.0938966402,40027
34,120,533650.6894990805,3620.9677551807486,38962
35,119,1386650.7588888821,7295.859624986189,38755
36,118,1907306.3777921558,9204.348878591923,35611
37,106,884665.6097911599,4826.232317459464,46112
38,012,420852.9715414888,4253.978306538346,21367
39,107,1247640.1188985913,5317.179023626749,46298
40,105,1312336.174649272,6924.867323473276,47338
41,104,2284091.255601277,8410.059006367372,40690
42,099,1298695.7098823518,7483.504247940205,42305
43,098,1436062.5404086758,6474.407222993347,46409
44,100,2204796.866612374,7895.62628287243,43882
45,097,741936.3143803119,4868.748883229055,45576
46,101,1521425.037090803,7516.68487079647,41115
47,102,1788838.8394960861,7986.732327335627,42422
48,095,2338627.938624964,7943.088691124065,46608
49,103,2446543.965659844,9270.432121814729,45835
50,194,4513315.787922832,10529.899590538897,20994
51,094,1501550.3762881677,6199.239476782592,43907
52,020,637563.1671917345,7766.2204526597625,11071
53,079,2091727.1628433694,7152.897796306201,32634
54,080,1485293.4031809154,7159.981473436556,32992
55,082,3877410.7075144444,13328.57356631445,33562
56,162,1240130.4783928206,6673.049999680104,22187
57,164,603783.3008979784,5011.662508708486,20128
58,083,6638326.7684494695,12665.153237119817,32804
59,158,2011592.2124579425,11468.23687347819,11239
60,084,3133219.42586171,9990.451570948764,32909
61,085,4379043.589059261,11795.587281631693,31683
62,086,6249693.373842504,13878.93116074458,30235
63,087,956260.6653125529,8565.386319293644,27681
64,156,2778123.3041509665,10203.62023870972,20003
65,088,2273286.3117153654,9659.249714194128,28809
66,090,1083704.935035015,6698.479441557066,28579
67,092,1040339.3657883529,6791.120466467558,30493
68,093,1411102.482582355,8208.6901784426,32865
69,159,3368374.355416168,8621.617774301127,4286
70,167,1135486.8677482586,5673.889862880595,22032
71,157,4574614.917018644,11942.861691162081,18458
72,166,1300046.5055747747,6843.002006158687,21845
73,165,1160915.2875278983,8306.189912525864,20411
74,163,759309.3747726677,4571.555319330956,20553
75,197,8472956.548178364,16161.872434188292,19897
76,067,899402.2674543166,6620.501890321592,44406
77,108,1530916.5148353335,7266.597285715509,39793
78,070,1733009.5135091897,10043.343821962664,47064
79,071,1532774.9081591922,7860.014314750659,46279
80,074,949371.9613892444,5277.04677726784,38326
81,077,574005.6893711955,4321.723950055048,45728
82,069,1048867.7478853154,8313.547239917914,39058
83,076,615561.8960996618,4507.592917400491,49921
84,064,1584468.2187358749,9313.681335788826,41694
85,075,952573.4674047756,4669.097124739115,46068
86,073,928399.1382854338,5633.9133968107535,46079
87,072,1318699.954497553,5836.946808398453,46466
88,147,2047274.5176071806,9485.073832308291,25984
89,148,882591.8367489298,5924.1228150941215,26546
90,149,1416400.0193260103,7259.958393795818,25763
91,150,3535567.6684441776,17182.59128119526,25011
92,151,1664063.1904472106,7122.067556967356,25093
93,155,1544985.245387322,6242.01018453606,26030
94,145,1512545.7205784097,5405.155466983449,25031
95,154,1171711.4318163272,5956.804953578663,25251
96,144,1387934.3144972115,7597.836000767059,25597
97,152,1604325.9991551754,7879.508678655885,25677
98,049,779999.555974165,4609.606708084636,42899
99,050,1536060.8273841313,5554.454520948487,44162
100,143,2596970.3045549234,7452.859803490037,25859
101,110,2053161.4943943745,7602.7180199902905,37110
102,052,1036735.5337716155,7894.807819975568,40381
103,054,593527.1256732709,3802.3647413498315,48560
104,055,573519.1779544521,4275.164608923462,49245
105,057,907816.7874152054,5054.104655534651,43555
106,058,2593975.0365781304,8173.093871282072,40351
107,059,2816285.7184088887,10637.069745644054,37207
108,060,5138688.926750774,11385.844496273156,41754
109,199,8074688.690161123,11880.530331430518,12323
112,051,403032.525313082,3773.3914796155505,40564
113,053,853510.5036992758,4538.253841945154,40922
114,193,2081865.938252086,8624.781369651415,16151
115,019,4116757.3729373543,9513.017897079353,27674
116,130,1202141.3145741401,5724.222951142635,43101
117,136,1193251.0922180593,5985.4683942631,49072
118,131,1045094.653806091,6929.105829658547,40653
119,129,1898497.209783801,7731.66898215196,46626
120,138,1264206.7306353208,5025.979288128858,48239
121,127,3857633.918577631,10676.527390829762,55837
122,133,1838112.0463152623,6248.964955799354,37338
123,141,778330.6023423631,4248.798658935493,42142
124,134,945870.6432760457,4392.674410530271,34295
125,041,892280.4313137858,5315.495968280421,45011
126,040,1067102.8905027893,5627.847058460627,39579
127,037,4101102.6517429957,10647.516946632391,50905
128,044,690993.5115475014,4437.180403702516,52329
129,048,478733.8232630581,3638.047423384937,36560
130,042,1083515.125761333,5468.15881735452,46714
131,174,3462539.302699526,7752.013409090229,36776
132,047,623269.350409027,3820.942555265614,41478
133,045,1139751.971700198,5717.8207713290485,53989
134,034,2441686.3784885095,8925.548350767818,47339
135,035,1689439.3741808091,7403.57886523918,49905
136,036,1375623.609560433,5133.318980517102,53109
137,010,521626.4951670811,5930.140159318127,20261
138,186,2385093.631437821,8466.46136163213,25212
139,011,633390.2980667251,4790.865148175027,20842
140,002,2915968.289471914,7397.026966560898,18217
141,003,3158599.2287900904,8556.065569394346,21882
142,005,2318959.044411059,7566.573387208308,21225
143,007,7677696.882041367,13794.460185856,20796
144,008,724104.8554174466,4966.809193395558,19342
145,009,681428.2848656921,5836.36884602348,18650
146,096,2750964.2433299613,7986.930404587612,45775
147,014,667991.3838730804,4911.710409883969,19932
148,027,3643899.3581133573,8869.911024807601,12396
149,028,1310031.336431482,5877.309207200532,17729
150,021,1869769.5570240312,10848.778598539271,10556
151,078,672512.4348739132,5716.1086495878935,34995
152,081,1662260.6922741795,6419.6407541398185,33541
153,146,1080572.1540367927,6201.091463444621,27093
154,153,2265689.3006079863,7750.184907482165,26762
155,089,994946.4892523532,6185.8959747280005,26694
156,056,566587.6557742588,3244.325889178382,39500
157,029,2279372.297731978,8753.56151661196,17474
158,026,2152243.37118889,9982.479109481676,13944
159,128,1595875.3727316512,6627.76343729559,61662
160,184,3117236.443838574,10291.906820400145,27714
161,033,683214.4904322213,3915.955201825854,16658
162,061,2217493.671235144,8442.90586415225,37988
163,024,2710942.17692519,10316.508806131647,15307
164,023,4153959.154213561,13701.719729546401,15502
165,132,1096465.3487772236,4623.83764974941,37902
166,031,2487514.569559696,8538.814090723015,15843
167,137,1621839.7894400035,7043.199554924604,49358
168,013,470905.0137272649,3378.8060752829033,21772
169,046,1436053.9762862965,6308.685285876918,51863
170,168,3562866.5941545046,9253.843641742653,44859
171,030,3096619.7615641365,9725.548310197077,17415
172,139,724024.2888514448,4503.207089442734,47609
173,181,1625363.9418275272,6995.128272848189,19027
174,191,4161778.063920936,9514.567578126183,18795
175,142,1065645.5875292942,6268.807074825296,50887
176,140,760853.5592627757,4239.519198583388,49630
177,135,1478443.1845060163,7481.602813436924,40405
178,188,3422944.5941290045,11453.424536787725,23896
179,187,991615.8791538827,5981.523948707902,20885
180,068,1388248.9988858998,7582.774220031002,39621
181,065,1880934.9682512605,6692.62841461452,46979
182,091,1216031.7557292543,8320.802200872495,30724
183,006,1377601.8096243157,6040.838602060846,22193
184,039,1041208.4309102176,4718.963283274716,42577
185,161,786435.9078823138,6014.621941999361,19183
186,160,669993.9233239244,5512.320017815776,18091
187,043,991587.0586705845,5622.367685420656,42330
188,196,1552267.7945588054,5163.733817198367,40923
189,022,2153210.877397965,6702.111216466813,16163
190,017,6673352.864418017,17793.760067239644,5155
191,195,2488365.028878864,8634.134316329702,16350
192,170,2701021.7533894135,9811.661230522946,44257
193,113,1689338.6578886828,9019.67761056645,36329
194,109,942361.2393630797,4757.0817376084615,48143
195,117,1328108.4323557026,7887.722625685498,39100
196,111,2717022.531612706,9926.081843568147,35188
197,038,1800298.9261864477,5950.414339555418,43583
198,001,1733614.1766935103,5456.830113775641,18400
199,025,3981923.9024080066,11619.394211498446,17494
200,032,4966754.977564576,15759.684079158278,15528
